{"cameraMode":{"drawMode":0,"name":"Shaded","section":"Shading Mode"},"sceneLighting":true,"audioPlay":false,"sceneViewState":{"m_AlwaysRefresh":false,"showFog":true,"showSkybox":true,"showFlares":true,"showImageEffects":true,"showParticleSystems":true,"showVisualEffectGraphs":true,"m_FxEnabled":true},"in2DMode":false,"pivot":{"x":-6.187282562255859,"y":2.0472826957702638,"z":1.6131832599639893},"rotation":{"x":0.021219393238425256,"y":-0.9753093123435974,"z":0.10811155289411545,"w":0.19141370058059693},"size":16.267202377319337,"orthographic":false}