{"cameraMode":{"drawMode":0,"name":"Shaded","section":"Shading Mode"},"sceneLighting":true,"audioPlay":false,"sceneViewState":{"m_AlwaysRefresh":false,"showFog":true,"showSkybox":true,"showFlares":true,"showImageEffects":true,"showParticleSystems":true,"showVisualEffectGraphs":true,"m_FxEnabled":true},"in2DMode":false,"pivot":{"x":-9.447826385498047,"y":2.3920326232910158,"z":2.8603556156158449},"rotation":{"x":0.021219393238425256,"y":-0.9753093123435974,"z":0.10811155289411545,"w":0.19141370058059693},"size":8.417780876159668,"orthographic":false}